{
  "lang":"vi",
  "name":"pipeline",
  "version":"0.0.0",
  "spacy_version":">=3.8.3,<3.9.0",
  "description":"",
  "author":"",
  "email":"",
  "url":"",
  "license":"",
  "spacy_git_version":"be0fa81",
  "vectors":{
    "width":0,
    "vectors":0,
    "keys":0,
    "name":null,
    "mode":"default"
  },
  "labels":{
    "tok2vec":[

    ],
    "ner":[
      "B-ADDRESS",
      "B-DES",
      "B-EMAIL",
      "B-NAME",
      "B-ORG",
      "B-PHONE",
      "B-WEB",
      "I-ADDRESS",
      "I-DES",
      "I-EMAIL",
      "I-NAME",
      "I-ORG",
      "I-PHONE",
      "I-WEB"
    ]
  },
  "pipeline":[
    "tok2vec",
    "ner"
  ],
  "components":[
    "tok2vec",
    "ner"
  ],
  "disabled":[

  ],
  "performance":{
    "ents_f":0.6703806871,
    "ents_p":0.640070922,
    "ents_r":0.7037037037,
    "ents_per_type":{
      "B-EMAIL":{
        "p":0.7857142857,
        "r":0.7333333333,
        "f":0.7586206897
      },
      "B-NAME":{
        "p":0.5925925926,
        "r":0.7619047619,
        "f":0.6666666667
      },
      "I-ADDRESS":{
        "p":0.8507462687,
        "r":0.8444444444,
        "f":0.8475836431
      },
      "B-PHONE":{
        "p":0.8461538462,
        "r":0.7857142857,
        "f":0.8148148148
      },
      "I-PHONE":{
        "p":0.8333333333,
        "r":0.9090909091,
        "f":0.8695652174
      },
      "B-ADDRESS":{
        "p":0.7058823529,
        "r":0.75,
        "f":0.7272727273
      },
      "B-WEB":{
        "p":0.8333333333,
        "r":0.5,
        "f":0.625
      },
      "B-DES":{
        "p":0.8823529412,
        "r":0.6,
        "f":0.7142857143
      },
      "I-DES":{
        "p":0.4343434343,
        "r":0.5810810811,
        "f":0.4971098266
      },
      "I-NAME":{
        "p":0.75,
        "r":0.75,
        "f":0.75
      },
      "B-ORG":{
        "p":0.2777777778,
        "r":0.2941176471,
        "f":0.2857142857
      },
      "I-ORG":{
        "p":0.4365079365,
        "r":0.5789473684,
        "f":0.4977375566
      }
    },
    "tok2vec_loss":296.1865131371,
    "ner_loss":956.2770385742
  }
}