{
  "lang":"vi",
  "name":"pipeline",
  "version":"0.0.0",
  "spacy_version":">=3.8.3,<3.9.0",
  "description":"",
  "author":"",
  "email":"",
  "url":"",
  "license":"",
  "spacy_git_version":"be0fa81",
  "vectors":{
    "width":0,
    "vectors":0,
    "keys":0,
    "name":null,
    "mode":"default"
  },
  "labels":{
    "tok2vec":[

    ],
    "ner":[
      "B-ADDRESS",
      "B-DES",
      "B-EMAIL",
      "B-NAME",
      "B-ORG",
      "B-PHONE",
      "B-WEB",
      "I-ADDRESS",
      "I-DES",
      "I-EMAIL",
      "I-NAME",
      "I-ORG",
      "I-PHONE",
      "I-WEB"
    ]
  },
  "pipeline":[
    "tok2vec",
    "ner"
  ],
  "components":[
    "tok2vec",
    "ner"
  ],
  "disabled":[

  ],
  "performance":{
    "ents_f":0.6512488437,
    "ents_p":0.6197183099,
    "ents_r":0.6861598441,
    "ents_per_type":{
      "B-NAME":{
        "p":0.5769230769,
        "r":0.7142857143,
        "f":0.6382978723
      },
      "I-ADDRESS":{
        "p":0.8382352941,
        "r":0.8444444444,
        "f":0.8413284133
      },
      "B-PHONE":{
        "p":0.8461538462,
        "r":0.7857142857,
        "f":0.8148148148
      },
      "I-PHONE":{
        "p":0.8571428571,
        "r":0.9090909091,
        "f":0.8823529412
      },
      "B-EMAIL":{
        "p":0.8333333333,
        "r":0.6666666667,
        "f":0.7407407407
      },
      "B-ADDRESS":{
        "p":0.6111111111,
        "r":0.6875,
        "f":0.6470588235
      },
      "B-WEB":{
        "p":0.7142857143,
        "r":0.5,
        "f":0.5882352941
      },
      "B-DES":{
        "p":0.652173913,
        "r":0.6,
        "f":0.625
      },
      "I-DES":{
        "p":0.4933333333,
        "r":0.5,
        "f":0.4966442953
      },
      "I-NAME":{
        "p":0.6862745098,
        "r":0.7954545455,
        "f":0.7368421053
      },
      "B-ORG":{
        "p":0.3,
        "r":0.3529411765,
        "f":0.3243243243
      },
      "I-ORG":{
        "p":0.3741007194,
        "r":0.5473684211,
        "f":0.4444444444
      }
    },
    "tok2vec_loss":226.9125431474,
    "ner_loss":933.522644043
  }
}